{"cameraMode":{"drawMode":0,"name":"Shaded","section":"Shading Mode"},"sceneLighting":true,"audioPlay":false,"sceneViewState":{"showFog":true,"showMaterialUpdate":true,"showSkybox":true,"showFlares":true,"showImageEffects":true,"showParticleSystems":true},"in2DMode":false,"pivot":{"x":0.40311625599861147,"y":0.7450817823410034,"z":2.0096514225006105},"rotation":{"x":0.1731775850057602,"y":0.05961021035909653,"z":-0.010235675610601902,"w":0.9833429455757141},"size":3.702413558959961,"orthographic":false}