{"cameraMode":{"drawMode":0,"name":"Shaded","section":"Shading Mode"},"sceneLighting":true,"audioPlay":false,"sceneViewState":{"showFog":true,"showMaterialUpdate":true,"showSkybox":true,"showFlares":true,"showImageEffects":true,"showParticleSystems":true},"in2DMode":false,"pivot":{"x":7.295181751251221,"y":1.9111491441726685,"z":10.445711135864258},"rotation":{"x":0.11431785672903061,"y":0.14900396764278413,"z":-0.01706567220389843,"w":0.9823670387268066},"size":3.702413558959961,"orthographic":false}