{"cameraMode":{"drawMode":0,"name":"Shaded","section":"Shading Mode"},"sceneLighting":true,"audioPlay":false,"sceneViewState":{"showFog":true,"showMaterialUpdate":true,"showSkybox":true,"showFlares":true,"showImageEffects":true,"showParticleSystems":true},"in2DMode":false,"pivot":{"x":-2.131199598312378,"y":0.797947883605957,"z":-2.892808675765991},"rotation":{"x":-0.06933625787496567,"y":0.8528473973274231,"z":-0.11922124773263931,"w":-0.5042867660522461},"size":3.702413558959961,"orthographic":false}