{"cameraMode":{"drawMode":0,"name":"Shaded","section":"Shading Mode"},"sceneLighting":true,"audioPlay":false,"sceneViewState":{"showFog":true,"showMaterialUpdate":true,"showSkybox":true,"showFlares":true,"showImageEffects":true,"showParticleSystems":true},"in2DMode":false,"pivot":{"x":5.970979690551758,"y":1.356459617614746,"z":10.422109603881836},"rotation":{"x":-0.002894223900511861,"y":0.9116114377975464,"z":-0.005617499817162752,"w":-0.4118451774120331},"size":3.702413558959961,"orthographic":false}