{"cameraMode":{"drawMode":0,"name":"Shaded","section":"Shading Mode"},"sceneLighting":true,"audioPlay":false,"sceneViewState":{"showFog":true,"showMaterialUpdate":true,"showSkybox":true,"showFlares":true,"showImageEffects":true,"showParticleSystems":true},"in2DMode":false,"pivot":{"x":7.679956912994385,"y":2.348914861679077,"z":10.384453773498536},"rotation":{"x":0.05470789968967438,"y":0.20137138664722444,"z":-0.010968918912112713,"w":0.9782347679138184},"size":3.702413558959961,"orthographic":false}