{"cameraMode":{"drawMode":0,"name":"Shaded","section":"Shading Mode"},"sceneLighting":true,"audioPlay":false,"sceneViewState":{"showFog":true,"showMaterialUpdate":true,"showSkybox":true,"showFlares":true,"showImageEffects":true,"showParticleSystems":true},"in2DMode":false,"pivot":{"x":4.792352676391602,"y":2.614830493927002,"z":3.5892488956451418},"rotation":{"x":0.0036794166080653669,"y":-0.9804092049598694,"z":0.01946953684091568,"w":0.1975150853395462},"size":3.702413558959961,"orthographic":false}