{"cameraMode":{"drawMode":0,"name":"Shaded","section":"Shading Mode"},"sceneLighting":true,"audioPlay":false,"sceneViewState":{"showFog":true,"showMaterialUpdate":true,"showSkybox":true,"showFlares":true,"showImageEffects":true,"showParticleSystems":true},"in2DMode":false,"pivot":{"x":1.3104186058044434,"y":3.4064276218414308,"z":-4.722431182861328},"rotation":{"x":0.22617487609386445,"y":0.04437306150794029,"z":-0.010054657235741616,"w":0.9733328223228455},"size":1.3506081104278565,"orthographic":false}