{"cameraMode":{"drawMode":0,"name":"Shaded","section":"Shading Mode"},"sceneLighting":false,"audioPlay":false,"sceneViewState":{"showFog":true,"showMaterialUpdate":false,"showSkybox":false,"showFlares":true,"showImageEffects":true,"showParticleSystems":true},"in2DMode":false,"pivot":{"x":2.072991132736206,"y":1.2986807823181153,"z":-1.1415033340454102},"rotation":{"x":-0.0951424092054367,"y":0.8115559220314026,"z":-0.13788655400276185,"w":-0.5598368048667908},"size":40.21836853027344,"orthographic":false}