{"cameraMode":{"drawMode":0,"name":"Shaded","section":"Shading Mode"},"sceneLighting":false,"audioPlay":false,"sceneViewState":{"showFog":true,"showMaterialUpdate":true,"showSkybox":false,"showFlares":true,"showImageEffects":true,"showParticleSystems":true},"in2DMode":false,"pivot":{"x":-4.230000019073486,"y":1.350000023841858,"z":-19.65999984741211},"rotation":{"x":-0.1288083791732788,"y":0.43753841519355776,"z":-0.06404823064804077,"w":-0.887972354888916},"size":2.7453300952911379,"orthographic":false}