{"cameraMode":{"drawMode":0,"name":"Shaded","section":"Shading Mode"},"sceneLighting":true,"audioPlay":false,"sceneViewState":{"showFog":true,"showMaterialUpdate":true,"showSkybox":true,"showFlares":true,"showImageEffects":true,"showParticleSystems":true},"in2DMode":false,"pivot":{"x":-0.31978535652160647,"y":2.5855860710144045,"z":1.7027068138122559},"rotation":{"x":-0.05529841035604477,"y":0.9418624043464661,"z":-0.19987384974956513,"w":-0.2659089267253876},"size":4.002413749694824,"orthographic":false}