{"cameraMode":{"drawMode":0,"name":"Shaded","section":"Shading Mode"},"sceneLighting":true,"audioPlay":false,"sceneViewState":{"showFog":true,"showMaterialUpdate":true,"showSkybox":true,"showFlares":true,"showImageEffects":true,"showParticleSystems":true},"in2DMode":false,"pivot":{"x":3.109773635864258,"y":1.543981909751892,"z":-1.3792098760604859},"rotation":{"x":-0.11990725249052048,"y":0.5015998482704163,"z":-0.07107752561569214,"w":-0.854107677936554},"size":0.15060818195343018,"orthographic":false}