{"cameraMode":{"drawMode":0,"name":"Shaded","section":"Shading Mode"},"sceneLighting":true,"audioPlay":false,"sceneViewState":{"showFog":true,"showMaterialUpdate":true,"showSkybox":true,"showFlares":true,"showImageEffects":true,"showParticleSystems":true},"in2DMode":false,"pivot":{"x":3.019228935241699,"y":9.878015518188477,"z":11.144203186035157},"rotation":{"x":-0.14672625064849854,"y":-0.8332120180130005,"z":0.2619033455848694,"w":-0.4650322198867798},"size":3.702413558959961,"orthographic":false}