{"cameraMode":{"drawMode":0,"name":"Shaded","section":"Shading Mode"},"sceneLighting":true,"audioPlay":false,"sceneViewState":{"showFog":true,"showMaterialUpdate":true,"showSkybox":true,"showFlares":true,"showImageEffects":true,"showParticleSystems":true},"in2DMode":false,"pivot":{"x":-1.9476749897003174,"y":1.419193983078003,"z":-3.3967368602752687},"rotation":{"x":-0.022689495235681535,"y":0.8942569494247437,"z":-0.047686949372291568,"w":-0.44518619775772097},"size":3.702413558959961,"orthographic":false}