{"cameraMode":{"drawMode":0,"name":"Shaded","section":"Shading Mode"},"sceneLighting":false,"audioPlay":false,"sceneViewState":{"showFog":true,"showMaterialUpdate":true,"showSkybox":false,"showFlares":true,"showImageEffects":true,"showParticleSystems":true},"in2DMode":false,"pivot":{"x":3.434999942779541,"y":-2.9725000858306886,"z":19.48349952697754},"rotation":{"x":-0.023606570437550546,"y":-0.8263518810272217,"z":-0.03435935080051422,"w":0.5619173645973206},"size":68.1817626953125,"orthographic":false}